献金者,金額(万円),所在地,献金者カテゴリ
(株)ＩＨＩ,800,江東区,団体
あいおいニッセイ同和損害保険(株),900,渋谷区,団体
(株)浅田飴,16,千代田区,団体
朝日火災海上保険(株),40,千代田区,団体
旭化成(株),1200,千代田区,団体
旭化成ファーマ(株),71,千代田区,団体
アサヒグループホールディングス(株),382,墨田区,団体
旭コンクリート工場(株),15,都・中央区,団体
味の素(株),500,都・中央区,団体
あすか製薬(株),59,都・港区,団体
アステラス製薬(株),610,都・中央区,団体
イーグル工業(株),50,都・港区,団体
(株)石井鐵工所,6,都・中央区,団体
(株)石垣,10,都・中央区,団体
いすゞ自動車(株),1310,品川区,団体
(株)伊藤園,10,渋谷区,団体
イハラケミカル工業(株),10,台東区,団体
岩城製薬(株),18,都・中央区,団体
栄研化学(株),40,台東区,団体
エーザイ(株),584,文京区,団体
(株)ＮＴＴデータ,300,江東区,団体
(株)エヌ・ティ・ティ・ドコモ,600,千代田区,団体
ＮＴＴ都市開発(株),100,千代田区,団体
荏原実業(株),100,都・中央区,団体
(株)太田胃散,19,文京区,団体
大谷不動産(株),39,千代田区,団体
大塚製薬(株),219,千代田区,団体
(株)大林組,814,都・港区,団体
岡部(株),70,墨田区,団体
小田急電鉄(株),450,新宿区,団体
(株)小田急百貨店,12,新宿区,団体
オリックス(株),25,都・港区,団体
科研製薬(株),137,文京区,団体
カシオ計算機(株),150,渋谷区,団体
鹿島建設(株),814,都・港区,団体
鹿島道路(株),10,文京区,団体
かどや製油(株),30,品川区,団体
どんべ土地建物(株),6,品川区,団体
キヤノン(株),2500,大田区,団体
キヤノンマーケティングジャパン(株),250,都・港区,団体
救心製薬(株),19,杉並区,団体
キューピー(株),50,渋谷区,団体
共栄火災海上保険(株),130,都・港区,団体
杏林製薬(株),109,千代田区,団体
(株)協和エクシオ,100,渋谷区,団体
協和発酵キリン(株),254,千代田区,団体
キリンビール(株),366,渋谷区,団体
クミアイ化学工業(株),16,台東区,団体
(株)クレハ,12,都・中央区,団体
京王電鉄(株),375,多摩市,団体
京成電鉄(株),300,墨田区,団体
ケイヒン(株),30,都・港区,団体
京浜急行電鉄(株),375,都・港区,団体
ＫＤＤＩ(株),300,千代田区,団体
興国インテック(株),15,千代田区,団体
(株)コーセー,12,都・中央区,団体
一般社団法人国際スポーツ振興協会,200,都・港区,団体
コナミ(株),100,都・港区,団体
(株)小松製作所,650,都・港区,団体
五洋建設(株),470,文京区,団体
サッポロホールディングス(株),177,渋谷区,団体
佐藤製薬(株),34,都・港区,団体
三機工業(株),20,都・中央区,団体
山九(株),20,都・中央区,団体
サンケイ総合印刷(株),10,江東区,団体
山洋工業(株),30,千代田区,団体
Ｊ．フロントリテイリング(株),100,都・中央区,団体
ＪＦＥスチール(株),750,千代田区,団体
(株)Ｊ−オイルミルズ,12,都・中央区,団体
(株)ジェイティービー,20,品川区,団体
芝信用金庫,12,都・港区,団体
清水建設(株),810,都・港区,団体
(株)ジャパンペガサスツアー,100,杉並区,団体
昭和産業(株),50,千代田区,団体
昭和電工(株),500,都・港区,団体
信越化学工業(株),12,千代田区,団体
新生テクノス(株),12,都・港区,団体
新政フォーラム,750,目黒区,団体
新日鐵住金(株),1600,千代田区,団体
新日本製鐵(株),1000,千代田区,団体
住友化学(株),2500,都・中央区,団体
住友重機械工業(株),150,品川区,団体
住友商事(株),600,都・中央区,団体
住友ベークライト(株),250,品川区,団体
生化学工業(株),45,千代田区,団体
(株)精養軒,10,台東区,団体
石油鉱業連盟,300,千代田区,団体
石油連盟,5000,千代田区,団体
(株)セブン＆アイ・ホールディングス,500,千代田区,団体
(社)セメント協会,500,都・中央区,団体
ゼリア新薬工業(株),88,都・中央区,団体
一般社団法人全国信用金庫協会,1300,都・中央区,団体
一般社団法人全国信用組合中央協会,400,都・中央区,団体
一般社団法人全国ハイヤー・タクシー連合会,500,千代田区,団体
(株)ゼンショーホールディングス,150,都・港区,団体
セントラルスポーツ(株),10,都・中央区,団体
全日本菓子協会,6,都・港区,団体
全日本空輸(株),800,都・港区,団体
全薬工業(株),39,文京区,団体
倉庫物流研究会,200,江東区,団体
双日(株),300,千代田区,団体
ソニー(株),300,都・港区,団体
(株)損害保険ジャパン,920,新宿区,団体
第一三共(株),433,都・中央区,団体
第一生命保険(株),900,千代田区,団体
大王製紙(株),12,都・中央区,団体
大正製薬(株),80,豊島区,団体
大成建設(株),810,新宿区,団体
大日精化工業(株),20,都・中央区,団体
大豊建設(株),80,都・中央区,団体
大鵬薬品工業(株),137,千代田区,団体
太陽生命保険(株),100,都・港区,団体
(株)大和証券グループ本社,700,千代田区,団体
(株)たちばな出版,100,杉並区,団体
立花証券(株),10,都・中央区,団体
チェッカーキャブ無線(協),6,都・中央区,団体
中外製薬(株),438,都・中央区,団体
(株)ツムラ,164,都・港区,団体
(株)電通,720,都・港区,団体
東亜警備保障(株),20,新宿区,団体
東亜建設工業(株),100,新宿区,団体
東京海上日動火災保険(株),1764,千代田区,団体
東京急行電鉄(株),450,渋谷区,団体
一般財団法人東京芸術財団,200,都・港区,団体
東京新宿ベジフル(株),6,新宿区,団体
東京トヨペット(株),80,都・港区,団体
(株)東京丸の内出版,310,千代田区,団体
(株)東芝,1400,都・港区,団体
東菱薬品工業(株),18,千代田区,団体
東武鉄道(株),375,墨田区,団体
東邦亜鉛(株),8.4,都・中央区,団体
東洋製罐(株),10,品川区,団体
トーアエイヨー(株),28,都・中央区,団体
トーア再保険(株),110,千代田区,団体
(株)トクホン,18,都・港区,団体
(株)トクヤマ,50,千代田区,団体
戸田建設(株),100,都・中央区,団体
凸版印刷(株),700,千代田区,団体
鳥居薬品(株),94,都・中央区,団体
(株)永坂産業,10,都・港区,団体
(株)永谷園,10,都・港区,団体
ニチバン(株),28,文京区,団体
日油(株),15,渋谷区,団体
(株)日建設計,50,千代田区,団体
日清オイリオグループ(株),24,都・中央区,団体
日新火災海上保険(株),110,千代田区,団体
日新製鋼(株),150,千代田区,団体
(株)日清製粉グループ本社,240,千代田区,団体
日鉄鉱業(株),6,千代田区,団体
(株)ＮＩＰＰＯ,190,都・中央区,団体
日本ケミファ(株),66,千代田区,団体
日本化学繊維協会,300,都・中央区,団体
日本紙パルプ商事(株),25,都・中央区,団体
日本化薬(株),91,千代田区,団体
一般社団法人日本絹人繊織物工業会,12,千代田区,団体
日本空港ビルデング(株),10,大田区,団体
日本化粧品工業連合会,60,都・港区,団体
日本興亜損害保険(株),460,千代田区,団体
日本工営(株),30,千代田区,団体
日本鉱業協会,900,千代田区,団体
日本国土開発(株),80,都・港区,団体
日本コムシス(株),100,品川区,団体
(株)日本視聴覚社,100,杉並区,団体
一般社団法人日本自動車工業会,6030,都・港区,団体
一般社団法人日本植物油協会,50,都・中央区,団体
日本製紙(株),100,千代田区,団体
日本製紙連合会,500,都・中央区,団体
日本製粉(株),50,渋谷区,団体
日本製薬(株),32,千代田区,団体
一般社団法人日本船主協会,400,千代田区,団体
一般社団法人日本鉄鋼連盟,4000,都・中央区,団体
日本電気(株),700,都・港区,団体
一般社団法人日本電機工業会,5000,千代田区,団体
日本電工(株),20,都・中央区,団体
日本電設工業(株),10,台東区,団体
(社)日本ビルヂング協会連合会,600,千代田区,団体
日本郵船(株),350,千代田区,団体
日本リーテック(株),12,都・北区,団体
野村ホールディングス(株),500,都・中央区,団体
(株)博報堂,115,都・港区,団体
(株)ビーアンドビー,10,新宿区,団体
(株)ピーエス三菱,155,都・中央区,団体
(株)菱法律経済政治研究所,100,杉並区,団体
日立建機(株),50,文京区,団体
日立工機(株),20,都・港区,団体
(株)日立国際電気,50,千代田区,団体
(株)日立システムズ,75,品川区,団体
(株)日立製作所,1400,千代田区,団体
(株)日立ソリューションズ,50,品川区,団体
(株)日立ハイテクノロジーズ,80,都・港区,団体
(株)日立物流,80,江東区,団体
(株)日立プラントテクノロジー,25,豊島区,団体
(株)日立メディコ,50,千代田区,団体
日野自動車(株),1450,日野市,団体
(株)日の丸リムジン,6,文京区,団体
(株)ヒューマックス,30,新宿区,団体
富国生命保険(相),150,千代田区,団体
富士重工業(株),1390,新宿区,団体
富士電機(株),344,品川区,団体
富士レビオ(株),51,新宿区,団体
一般社団法人不動産協会,1500,千代田区,団体
(株)不動テトラ,30,都・中央区,団体
フマキラー(株),12,千代田区,団体
文唱堂印刷(株),50,千代田区,団体
本田技研工業(株),1800,都・港区,団体
前田建設工業(株),200,千代田区,団体
(株)増岡組,21.6,千代田区,団体
松井建設(株),97,都・中央区,団体
丸紅(株),350,千代田区,団体
三笠製薬(株),21,練馬区,団体
三木産業(株),36,都・中央区,団体
(株)ミスズ,200,杉並区,団体
三井化学(株),100,都・港区,団体
三井住友海上火災保険(株),1190,都・中央区,団体
三井生命保険(株),200,千代田区,団体
三井造船(株),150,都・中央区,団体
三井物産(株),600,千代田区,団体
三井不動産(株),900,都・中央区,団体
(株)三越伊勢丹,9,新宿区,団体
三菱重工業,1000,都・港区,団体
三菱商事(株),600,千代田区,団体
三菱製紙(株),20,墨田区,団体
三菱倉庫(株),50,都・中央区,団体
三菱電機(株),910,千代田区,団体
(株)ミツヤ送風機製作所,6,都・港区,団体
(株)ミノファーゲン製薬,18,新宿区,団体
宮地エンジニアリング(株),12,都・中央区,団体
(株)ミライト・ホールディングス,80,江東区,団体
(株)明治,100,江東区,団体
(株)明治ゴム化成,10,新宿区,団体
Ｍｅｉｊｉ　Ｓｅｉｋａ　ファルマ(株),137,都・中央区,団体
明治安田生命保険(相),700,千代田区,団体
(株)明電舎,150,品川区,団体
持田製薬(株),124,新宿区,団体
森永乳業(株),10,都・港区,団体
森ビル(株),200,都・港区,団体
(株)ヤクルト本社,300,都・港区,団体
矢崎総業(株),300,都・港区,団体
安田倉庫(株),20,都・港区,団体
山崎製パン(株),200,千代田区,団体
養命酒製造(株),37,渋谷区,団体
横浜ゴム(株),30,都・港区,団体
ライオン(株),15,墨田区,団体
(社)リース事業協会,300,千代田区,団体
理研ビタミン(株),12,千代田区,団体
(株)龍角散,16,千代田区,団体
ローレルバンクマシン(株),14.4,都・港区,団体
わかもと製薬(株),34,都・中央区,団体
(株)アインファーマシーズ,12,札幌市,団体
勇建設(株),6,札幌市,団体
岩倉建設(株),6,札幌市,団体
岩田地崎建設(株),6,札幌市,団体
(医)歓生会豊岡中央病院,6,旭川市,団体
共和コンクリート工業(株),12,札幌市,団体
(株)グランビスタホテル＆リゾート札幌パークホテル,6,札幌市,団体
(株)グランビスタホテル＆リゾート札幌パークホテル,6,札幌市,団体
(株)玄米酵素,6,札幌市,団体
札幌第一興産(株),6,札幌市,団体
(株)ＣｔｏＣグループ,6,旭川市,団体
チュウケイ(株),6,札幌市,団体
道路工業(株),6,札幌市,団体
中道リース(株),6,札幌市,団体
西村建設(株),12,北海道安平町,団体
日鉄セメント(株),12,室蘭市,団体
日本データサービス(株),6,札幌市,団体
(株)北海道観光物産興社,6,札幌市,団体
北海道郵便逓送(株),6,札幌市,団体
青森綜合警備保障(株),6,青森市,団体
青森トヨタ自動車(株),6,青森市,団体
青森三菱電機機器販売(株),10,青森市,団体
(株)阿部重組,10,青森市,団体
東和電材(株),6,青森市,団体
(株)小田島,6,花巻市,団体
(株)小山建設,12,一関市,団体
(株)かばら建設,6,遠野市,団体
(株)久慈設計,36,盛岡市,団体
(株)十文字チキンカンパニー,10,二戸市,団体
昭栄建設(株),10,盛岡市,団体
白金運輸(株),12,奥州市,団体
鈴木工材(株),10,一関市,団体
樋下建設(株),25,盛岡市,団体
二戸ガス(株),10,二戸市,団体
林崎建設(株),6,岩手県野田村,団体
宮城建設(株),62,久慈市,団体
盛岡ガス燃料(株),6,盛岡市,団体
両磐酒造(株),6,一関市,団体
(株)秋元技術コンサルタンツ,6,仙台市,団体
(株)ＪＴＢ東北,6,仙台市,団体
(株)清月記,6,仙台市,団体
仙建工業(株),8.4,仙台市,団体
仙台コカ・コーラボトリング(株),12,仙台市,団体
野口建設(株),7.2,栗原市,団体
(株)バイタルネット,7.2,仙台市,団体
(株)橋本店,6,仙台市,団体
(株)丸本組,12,石巻市,団体
(社)宮城県建設業協会,7,仙台市,団体
(株)ユアチック,207.2,仙台市,団体
若生工業(株),6.6,石巻市,団体
(株)ウンノハウス,6,山形市,団体
国井建設(株),6,寒河江市,団体
黒澤建設工業(株),6,山形市,団体
(株)ジョイン,6,山形市,団体
第一貨物(株),6,山形市,団体
(株)天童木工,12,天童市,団体
トヨタカローラ山形(株),6,山形市,団体
ハッピー工業(株),10,山形市,団体
(株)本間利雄建設事務所,6,山形市,団体
(株)ムラヤマ,6,山形市,団体
(社)山形県建設業協会,24,山形市,団体
山形建設(株),8.4,山形市,団体
山新観光(株),6,山形市,団体
磐城通運(株),12,いわき市,団体
内池醸造(株),6,福島市,団体
陰山建設(株),100,郡山市,団体
(株)加地和組,102.4,いわき市,団体
川名建設工業(株),6,本宮市,団体
サンヨー缶詰(株),6,福島市,団体
(株)大地物産,100,郡山市,団体
東北建設(株),104.2,南相馬市,団体
(株)野地組,12,二本松市,団体
ひめゆり総業(株),100,いわき市,団体
福島県管工事協同組合連合会,6,福島市,団体
福島県建材・専門工事業(協),8,福島市,団体
一般社団法人福島県建設業協会,140,福島市,団体
一般社団法人福島県建設業協会,24,福島県石川町,団体
一般社団法人福島県建設業協会,63,いわき市,団体
一般社団法人福島県建設業協会,72,白河市,団体
一般社団法人福島県建設業協会,87,郡山市,団体
一般社団法人福島県建設業協会,45,須賀川市,団体
一般社団法人福島県建設業協会,30,南相馬市,団体
一般社団法人福島県建設業協会,27,福島県南会津町,団体
福島県建設大工工事業協会,6,郡山市,団体
福島県建築設計(協),6,福島県石川町,団体
福島県湾港空港建設協会,6,いわき市,団体
(社)福島県採石業協会,6,福島市,団体
福島県私学団体総合連合会,60,福島市,団体
(社)福島県造園建設業協会,12,福島市,団体
一般社団法人福島県測量設計業協会,30,福島市,団体
福島県鉄筋業(協),6,郡山市,団体
福島県鉄構工業組合,6,福島市,団体
一般社団法人福島県電設業協会,33.6,福島市,団体
(社)福島県土地改良建設協会,10,福島市,団体
福島県生コンクリート工業組合,9,福島市,団体
福島県法面保護協会,6,会津若松市,団体
福島県配電盤工業会,6,郡山市,団体
福島県酪農業(協),11.2,本宮市,団体
福島除染研究会,101,福島市,団体
福島トヨタ自動車(株),6,福島市,団体
福浜大一建設(株),11.2,いわき市,団体
(株)ホクショー,100,福島市,団体
茨城倉庫(株),7,水戸市,団体
茨城トヨタ自動車(株),6,水戸市,団体
日立セメント(株),30,日立市,団体
(株)日立ライフ,10,日立市,団体
北関東綜合警備保障(株),12,宇都宮市,団体
(株)大高商事,12,宇都宮市,団体
(社)栃木県建設業協会,22.8,宇都宮市,団体
栃木日産自動車販売(株),6,宇都宮市,団体
エスビック(株),6,高崎市,団体
カネコ種苗(株),12,前橋市,団体
群馬県建設事業(協),6,前橋市,団体
河本工業(株),12,館林市,団体
コンピュートロン(株),6,前橋市,団体
サンデン(株),24,伊勢崎市,団体
ＧＮホールディングス(株),6,前橋市,団体
上越印刷工業(株),6,前橋市,団体
(医)大和会西毛病院,10,富岡市,団体
田中生コン(株),6,群馬県玉村町,団体
富士食品工業(株),6,群馬県板倉町,団体
青木信用金庫,6,川口市,団体
曙ブレーキ工業(株),50,羽生市,団体
カルソニックカンセイ(株),150,さいたま市,団体
川口信用金庫,6,川口市,団体
キヤノン電子(株),250,秩父市,団体
埼玉縣信用金庫,36,熊谷市,団体
(株)丸広百貨店,12,川越市,団体
旭建設(株),6,千葉市,団体
(株)川久,6,山武市,団体
キッコーマン(株),434,野田市,団体
芝工業(株),6,千葉市,団体
白鳥製薬(株),6,習志野市,団体
千葉県経済同友会,6,千葉市,団体
(社)千葉県建設業協会,6,千葉市,団体
千葉県食品流通センター(株),6,松戸市,団体
千葉政治経済懇談会,9,千葉市,団体
(株)千葉測器,6.5,千葉市,団体
千葉トヨペット(株),6,千葉市,団体
利根コカ・コーラボトリング(株),6,野田市,団体
トヨタカローラ千葉(株),6,千葉市,団体
(株)日産フィナンシャルグループ,75,千葉市,団体
双葉電子工業(株),12,茂原氏,団体
松戸公産(株),36,松戸市の,団体
ユアサ・フナショク(株),6,船橋市,団体
(株)オーチックジャパン,75,茅ヶ崎市,団体
川本工業(株),18,横浜市,団体
(株)京三製作所,12,横浜市,団体
相模興業(株),12,海老名市,団体
相模鉄道(株),300,横浜市,団体
(宗)寒川神社,6,神奈川県寒川町,団体
真生興業(株),5.4,横浜市,団体
(株)相鉄アーバンクリエイツ,12,横浜市,団体
(株)ソシア21,9,横浜市,団体
東芝プラントシステム(株),50,横浜市,団体
関東自動車工業(株),35,横須賀市,団体
(株)日産クリエイティブサービス,75,横浜市,団体
日産工機(株),75,神奈川県寒川町,団体
日産自動車(株),2050,横浜市,団体
日産車体(株),150,平塚市,団体
日産トレーディング(株),38,横浜市,団体
(株)日新,12,横浜市,団体
富士通(株),1000,川崎市,団体
馬淵建設(株),6,横浜市,団体
横浜信用金庫,12,横浜市,団体
横浜トヨペット(株),6,横浜市,団体
アークランドサカモト(株),12,三条市,団体
(株)植木組,60,柏崎市,団体
(株)ウオロク,12,新潟市,団体
(株)大阪屋,6,新潟市,団体
(株)加賀田組,48,新潟市,団体
亀田製菓(株),18,新潟市,団体
共栄建設工業(株),6,佐渡市,団体
共和工業(株),12,三条市,団体
(株)近藤組,12,新潟市,団体
佐藤食品工業(株),12,新潟市,団体
(社)新潟県建設業協会,18,新潟市,団体
(社)新潟県砂利砕石協会,6,新潟市,団体
(株)新潟ケンベイ,24,新潟市,団体
新潟中央青果(株),12,新潟市,団体
(株)廣瀬,6,新潟市,団体
藤木鉄工(株),12,新潟県聖籠町,団体
藤田金属(株),6,新潟市,団体
(株)ブルボン,24,柏崎市,団体
(株)本間組,166,新潟市,団体
理研精機(株),12,小千谷市,団体
隆成建設(株),6,新潟市,団体
(株)アイザック,6,魚津市,団体
朝日印刷(株),12,富山市,団体
朝日建設(株),6,富山市,団体
カナヤママシナリー(株),6,黒部市,団体
(株)廣貫堂,23,富山市,団体
サカヰ産業(株),106,富山市,団体
サクラバックス(株),6,富山市,団体
第一薬品工業(株),18,富山市,団体
高尾建設(株),6,富山市,団体
タカノ建設(株),7.2,富山市,団体
武内プレス工業(株),12,富山市,団体
田中精密工業(株),6,富山市,団体
(株)富山クボタ,6,高岡市,団体
(社)富山県建設業協会,18,富山市,団体
富山太平洋物流(株),100,富山市,団体
富山電気ビルディング(株),6,富山市,団体
富山土石協業組合,6,富山市,団体
日医工(株),134,富山市,団体
日医工ファーマ(株),11,富山市,団体
伏木海陸運送(株),13.2,高岡市,団体
伏木貨物自動車(株),100,高岡市,団体
北陸コカ・コーラボトリング(株),6,高岡市,団体
北陸電気工事(株),104,富山市,団体
(株)四方組,6,射水市,団体
米原商事(株),6,砺波市,団体
リードケミカル(株),12,富山市,団体
上村電建(株),12,金沢市,団体
兼六建設(株),10,金沢市,団体
澁谷工業(株),50,金沢市,団体
城西運輸機工(株),12,金沢市,団体
(株)ダスキン北陸,10,野々市市,団体
日栄商事(株),12,金沢市,団体
(株)別川製作所,12,白山市,団体
(株)北都鉄工,10,白山市,団体
北陸通信工業(株),12,金沢市,団体
三谷産業(株),12,金沢市,団体
米沢電気工事(株),10,金沢市,団体
菱機工業(株),12,金沢市,団体
江守商事(株),12,福井市,団体
(株)グリーンアース産業,10,越前市,団体
(株)高志観光バス,6,福井市,団体
坂川建設(株),6,福井市,団体
(株)関組,6,越前市,団体
田村水産,10,福井市,団体
敦賀海陸運輸(株),12,敦賀市,団体
轟産業(株),12,福井市,団体
日信化学工業(株),12,越前市,団体
(株)日本ピーエス,24,敦賀市,団体
福井中央魚市(株),12,福井市,団体
福井トヨタ自動車(株),7.2,福井市,団体
(株)増田喜,10,福井市,団体
(株)松田(幸)組,6,福井市,団体
一般社団法人市川建築業協会,10,山梨県市川三郷町,団体
一般社団法人峡北地区建設業協会,15,韮崎市,団体
協和産業(株),6,甲府市,団体
富士観光開発(株),7,山梨県富士河口湖町,団体
山梨通運(株),6,山梨市,団体
キッセイ薬品工業(株),113,松本市,団体
(社)長野県経営者協会,6,長野市,団体
長野信用金庫,12,長野市,団体
イビデン(株),30,大垣市,団体
(社)岐阜県山林協会,10,岐阜市,団体
(株)アウトソーシング,60,静岡市,団体
市川土木(株),10,静岡市,団体
磐田信用金庫,8,磐田市,団体
落合電気空調(株),15,藤枝市,団体
掛川信用金庫本部,6,掛川市,団体
一般社団法人静岡県建設業協会,60,静岡市,団体
一般社団法人静岡建設業協会,6.6,静岡市,団体
静岡信用金庫,10,静岡市,団体
ジヤトコ(株),150,富士市,団体
スズキ(株),1035,浜岡市,団体
静清信用金庫,20,静岡市,団体
(株)太洋サービス,9,浜岡市,団体
田子の浦埠頭(株),10,富士市,団体
浜松地区建設事業(協),5.5,浜岡市,団体
浜松ホトニクス(株),100,浜岡市,団体
(株)丸川,10,焼津市,団体
(株)三基開発,6,浜松市,団体
(社)三島建設業協会,7.9,三島市,団体
焼津信用金庫,10,焼津市,団体
ヤマハ発動機(株),300,磐田市,団体
ワールドメイト,1000,伊豆の国市,団体
アイシン・エイ・ダブリュ(株),185,安城市,団体
アイシン精機(株),245,刈谷市,団体
愛知機械工業(株),150,名古屋市,団体
愛知製鋼(株),110,東海市,団体
旭精機工業(株),12,尾張旭市,団体
天野エンザイム(株),18,名古屋市,団体
(株)アラクス,18,名古屋市,団体
安藤証券(株),20,名古屋市,団体
いちい信用金庫,6,一宮市,団体
岡崎信用金庫,6,岡崎市,団体
岡谷鋼機(株),50,名古屋市,団体
大村証券(株),10,名古屋市,団体
興和(株),86,名古屋市,団体
(株)三和化学研究所,57,名古屋市,団体
瀬戸信用金庫,18,瀬戸市,団体
瀧定名古屋(株),60,名古屋市,団体
チバ製薬(株),55,名古屋市,団体
(株)デンソー,900,刈谷市,団体
東海興業(株),10,大府市,団体
(株)東陽,70,刈谷市,団体
豊島(株),8.4,名古屋市,団体
豊田合成(株),35,清須市,団体
(株)豊田自動車織機,225,刈谷市,団体
トヨタ自動車(株),5140,豊田市,団体
トヨタ車体(株),75,刈谷市,団体
豊田通商(株),225,名古屋市,団体
トヨタ紡織(株),100,刈谷市,団体
名古屋鉄道(株),112,名古屋市,団体
日本車輌製造(株),90,名古屋市,団体
福玉精穀倉庫(株),20,愛知県大口町,団体
豊和工業(株),70,清須市,団体
ホーユー(株),12,名古屋市,団体
名港海運(株),18,名古屋市,団体
名証取引参加者協会,10,名古屋市,団体
(株)山田商会,6,名古屋市,団体
リンナイ(株),32,名古屋市,団体
長島観光開発(株),6,桑名市,団体
日本トランスシティ(株),100,四日市市,団体
廣瀬精工(株),6,伊勢市,団体
三重県自動車販売協会,7.2,津市,団体
淺野運輸倉庫(株),20,栗東市,団体
綾羽(株),60,大津市,団体
(株)梅沢酵素,6,大津市,団体
キタイ設計(株),12,近江八幡市,団体
滋賀運送(株),6,甲賀市,団体
(社)滋賀県建設業協会,200,大津市,団体
(株)南洋軒,6,草津市,団体
(株)イセトー,25,京都市,団体
(医)仁心会宇治川病院,10,宇治市,団体
上原成商事(株),36,京都市,団体
大倉産業(株),24,宇治市,団体
オムロン(株),180,京都市,団体
祇園新地甲部組合,9.6,京都市,団体
黄桜(株),12,京都市,団体
京セラ(株),160,京都市,団体
京都青果合同(株),6,京都市,団体
京都ブライトンホテル(株),12,京都市,団体
京華産業(株),6,京都市,団体
月桂冠(株),120,京都市,団体
(株)公益社,24,京都市,団体
(株)最上インクス,6,京都市,団体
(株)ＧＳユアサ,42,京都市,団体
(株)島津製作所,96,京都市,団体
宝ホールディングス(株),120,京都市,団体
(株)たけびし,6,京都市,団体
東邦電気産業(株),6,京都市,団体
ニチコン(株),60,京都市,団体
日本新薬(株),131,京都市,団体
任天堂(株),60,京都市,団体
日立マクセルエナジー(株),25,京都府大山崎町,団体
(財)不審菴,12,京都市,団体
(株)堀場製作所,36,京都市,団体
村田機械(株),60,京都市,団体
(株)村田製作所,40,長岡京市,団体
山科電気工事(株),6,京都市,団体
ローム(株),60,京都市,団体
(株)ワコールホールディングス,90,京都市,団体
芦森工業(株),7.2,大阪市,団体
アルスコーポレーション(株),6,堺市,団体
栗井鋼商事(株),6,大阪市,団体
伊藤忠商事(株),400,大阪市,団体
(株)イムラ封筒,7,大阪市,団体
永和信用金庫,7.2,大阪市,団体
オーエッチ工業(株),7.2,東大阪市,団体
(株)オーエム製作所,6,大阪市,団体
大阪市信用金庫,9.6,大阪市,団体
大阪精工(株),6,東大阪市,団体
大阪製鋲(株),6,東大阪市,団体
大阪トヨタ自動車(株),6,大阪市,団体
(株)扇谷,6,大阪市,団体
鳳保険サービス(株),10,大阪市,団体
ＯＵＧホールディングス(株),6,大阪市,団体
(株)奥村組,100,大阪市,団体
小野薬品工業(株),208,大阪市,団体
がんこフードサービス(株),12,大阪市,団体
清田軌道工業(株),6,大阪市,団体
近畿車輛(株),10,東大阪市,団体
近畿日本鉄道(株),450,大阪市,団体
近鉄エンジニアリング(株),6,大阪市,団体
(株)きんでん,900,大阪市,団体
栗原工業(株),6,大阪市,団体
京阪電気鉄道(株),300,大阪市,団体
鴻池運輸(株),12,大阪市,団体
小林製薬(株),33,大阪市,団体
沢井製薬(株),124,大阪市,団体
山水色素工業(株),6,東大阪市,団体
参天製薬(株),168,大阪市,団体
サントリーホールディングス(株),517,大阪市,団体
燦ホールディングス(株),12,大阪市,団体
山容起業(株),10,東大阪市,団体
(株)ジェイテクト,150,大阪市,団体
塩野義製薬(株),82,大阪市,団体
昭和電機(株),12,大阪市,団体
住友金属工業(株),600,大阪市,団体
住友精化(株),30,大阪市,団体
住友生命保険(相),700,大阪市,団体
(株)住友倉庫,50,大阪市,団体
住友電気工業(株),100,大阪市,団体
(株)錢高組,10,大阪市,団体
千寿製薬(株),46,大阪市,団体
象印マホービン(株),18,大阪市,団体
ダイキン工業(株),520,大阪市,団体
大幸製薬(株),12,吹田市,団体
大同化学工業(株),28,大阪市,団体
大同生命保険(株),200,大阪市,団体
大日本住友製薬(株),329,大阪市,団体
ダイハツ工業(株),1370,池田市,団体
大福信用金庫,6,大阪市,団体
(株)ダイヘン,24,大阪市,団体
ダイワボウホールディングス(株),12,大阪市,団体
武田薬品工業(株),576,大阪市,団体
(株)竹中工務店,810,大阪市,団体
武村土地(株),7.2,東大阪市,団体
田辺三菱製薬(株),450,大阪市,団体
中外炉工業(株),18,大阪市,団体
(株)椿本チエイン,6,大阪市,団体
ＴＭＣ(株),100,大阪市,団体
(株)西島製作所,90,高槻市,団体
南海電気鉄道(株),300,大阪市,団体
日清食品ホールディングス(株),500,大阪市,団体
日本ハム(株),75,大阪市,団体
ニブロファーマ(株),89,大阪市,団体
日本生命保険(相),1250,大阪市,団体
日本ボデーパーツ工業(株),6,大阪市,団体
パナソニック(株),1400,門真市,団体
阪急電鉄(株),375,大阪市,団体
阪神電気鉄道(株),300,大阪市,団体
阪和興業(株),50,大阪市,団体
菱井工業(株),6,東大阪市,団体
日立造船(株),40,大阪市,団体
日立マクセル(株),25,茨木市,団体
(株)フセラシ,8.4,東大阪市,団体
扶桑薬品工業(株),94,大阪市,団体
丸石製薬(株),28,大阪市,団体
マルホ(株),64,大阪市,団体
森下仁丹(株),16,大阪市,団体
森田化学工業(株),6,大阪市,団体
(株)安井建築設計事務所,6,大阪市,団体
(株)米丸電機製作所,6,大阪市,団体
レンゴー(株),368,大阪市,団体
ロート製薬(株),98,大阪市,団体
和光純薬工業(株),27.6,大阪市,団体
尼崎信用金庫,24,尼崎市,団体
淡路信用金庫,6,洲本市,団体
伊藤ハム(株),30,西宮市,団体
川崎重工業(株),250,神戸市,団体
グローリー(株),6,姫路市,団体
神戸信用金庫,12,神戸市,団体
(株)神戸製鋼所,500,神戸市,団体
(株)神鋼環境ソリューション,10,神戸市,団体
特別医療法人敬愛会,25,三田市,団体
トヨタカローラ姫路(株),6,姫路市,団体
トヨタ部品兵庫共販(株),6,神戸市,団体
日本香料薬品(株),6,神戸市,団体
ネッツトヨタゾナ神戸(株),6,神戸市,団体
ビオフェルミン製薬(株),38,神戸市,団体
兵庫トヨタ自動車(株),24,神戸市,団体
森本倉庫(株),20,神戸市,団体
(医)山西会宝塚三田病院,10,三田市,団体
大倭殖産(株),10,奈良市,団体
佐藤薬品工業(株),17,橿原市,団体
奈良県製薬(協),12,御所市,団体
(株)アオキ建設,6,倉吉市,団体
吾妻商事(有),6,鳥取県岩美町,団体
(有)足立組,6,境港市,団体
(株)井木組,24,鳥取県琴浦町,団体
(株)伊藤建設,6,鳥取県琴浦町,団体
(株)いない,6,倉吉市,団体
(株)井中組,12,倉吉市,団体
(株)稲田組,6,鳥取県日野町,団体
(有)今松工務店,6,鳥取県日南町,団体
馬野建設(株),6,鳥取県琴浦町,団体
(有)大柄組,6,鳥取県日南町,団体
鵬技術コンサルタント(株),6,倉吉市,団体
(株)懸樋工務店,12,鳥取市,団体
加登脇建設(株),12,鳥取県琴浦町,団体
(株)かわばた,7,鳥取県江府町,団体
(有)共栄組,6,鳥取県北栄町,団体
(協)山陰商工信用,6,鳥取市,団体
共和水産(株),7.2,境港市,団体
菌興椎茸(協),12,鳥取市,団体
グッドヒル(株),24,鳥取市,団体
晃進建設(有),6,鳥取県北栄町,団体
(有)高野組,24,鳥取県琴浦町,団体
(株)興洋工務店,12,鳥取市,団体
こおげ建設(株),24,鳥取県八頭町,団体
(株)越河,6,米子市,団体
寿製菓(株),12,米子市,団体
(株)米吾,6,米子市,団体
環港海陸運送(株),12,境港市,団体
(有)澤田建設,12,鳥取県日南町,団体
(株)三協商会,24,鳥取市,団体
(株)サンマート,6,鳥取市,団体
塩谷エンタープライズ(株),6,米子市,団体
(株)重道組,24,倉吉市,団体
(株)大協組,6,米子市,団体
ダイニチ技研(株),6,鳥取県大山町,団体
大和建設(株),24,鳥取市,団体
中央印刷(株),6,鳥取市,団体
中部舗装(株),6,鳥取県北栄町,団体
東亜青果(株),6,米子市,団体
東亜土木(株),6,倉吉市,団体
鳥取信用金庫,12,鳥取市,団体
(株)鳥取大丸,6,鳥取市,団体
(株)戸信,6,鳥取市,団体
(有)長石建設,6,倉吉市,団体
(株)中井脩,12,鳥取市,団体
中一建設(株),12,鳥取県若桜町,団体
(株)中尾税経総合事務所,12,鳥取市,団体
(有)中信建設,6,鳥取市,団体
日南振興(株),6,鳥取県日南町,団体
日本海信販(株),6,鳥取市,団体
日本交通(株),24,鳥取市,団体
(株)花のれん,7.2,鳥取市,団体
日ノ丸観光(株),6,鳥取市,団体
日ノ丸産業(株),12,鳥取市,団体
日ノ丸総本社(株),24,鳥取市,団体
福井土建(株),12,倉吉市,団体
(有)福岡組,6,鳥取県日南町,団体
福上工業(株),6,鳥取県岩美町,団体
服島運輸(株),12,米子市,団体
(有)藤本組,12,鳥取県伯耆町,団体
(株)藤原組,24,鳥取市,団体
(株)北和,6,鳥取県北栄町,団体
(有)前嶋組,12,鳥取県湯梨浜町,団体
(株)松本鉄工所,12,鳥取県北栄町,団体
(有)みどり建設,6,米子市,団体
美保テクノス(株),24,米子市,団体
(有)都田組,6,境港市,団体
(有)向井組,6,倉吉市,団体
やまこう建設(株),12,鳥取市,団体
(有)山本おたふく堂,6,鳥取県琴浦町,団体
(株)八幡建設,6,鳥取県湯梨浜町,団体
米子信用金庫,6,米子市,団体
(株)安部建設,12,鳥取県奥出雲町,団体
(株)イズコン,12,出雲市,団体
出雲グリーン(株),12,出雲市,団体
出雲地区生コンクリート(株),24,出雲市,団体
出雲土建(株),12,出雲市,団体
出雲生コン(株),12,出雲市,団体
一畑工業(株),12,松江市,団体
一畑住設(株),12,松江市,団体
(株)一畑トラベルサービス,12,松江市,団体
一畑電気鉄道(株),12,松江市,団体
今井産業(株),36,江津市,団体
今岡工業(株),36,出雲市,団体
(株)岩多屋,12,浜田市,団体
岩城工業(株),12,出雲市,団体
雲南建設(株),12,雲南市,団体
雲南生コンクリート(株),12,雲南市,団体
(株)大島工務店,12,安来市,団体
大畑建設(株),36,益田市,団体
掛合運送(有),12,雲南市,団体
カナツ技建工業(株),36,松江市,団体
(株)金田建設,24,島根県隠岐の島町,団体
協和地建コンサルタント(株),12,松江市,団体
江津土建(株),12,江津市,団体
(株)コスモ建設コンサルタント,12,出雲市,団体
湖北ベニヤ(株),36,松江市,団体
(株)コンドウ,12,安来市,団体
(株)佐藤組,12,松江市,団体
(株)佐藤工務店,12,出雲市,団体
(株)サンクラフト,36,浜田市,団体
島建コンサルタント(株),12,出雲市,団体
(株)シマダ技術コンサルタント,12,安来市,団体
島根県自動車販売協会,12,松江市,団体
(社)島根県測量設計業協会,12,松江市,団体
(協)島根県鐵工会,12,松江市,団体
(社)島根県電気工事業協会,12,松江市,団体
(社)島根県舗装協会,12,松江市,団体
島根合板(株),40.8,浜田市,団体
島根電工(株),12,松江市,団体
島根トヨタ自動車(株),12,松江市,団体
島根日産自動車(株),12,松江市,団体
祥洋建設(株),12,浜田市,団体
昭和セメント工業(株),12,出雲市,団体
石成道路(株),12,浜田市,団体
大社建設(株),12,島根県美郷町,団体
大成電気水道工業(株),12,出雲市,団体
(株)ダイニ,12,出雲市,団体
大福工業(株),62,出雲市,団体
(株)竹下技術コンサルタント,12,出雲市,団体
(株)竹田組,12,島根県隠岐の島町,団体
(株)田中建設,12,安来市,団体
中央林産商事(株),12,松江市,団体
中国道路(株),12,益田市,団体
(株)都間土建,12,雲南市,団体
テクノ工業(株),6,松江市,団体
東幸建設(株),6,大田市,団体
(株)トガノ建設,12,出雲市,団体
内藤鉄工(株),12,出雲市,団体
永井建設(株),24,江津市,団体
(株)中澤建設,12,雲南市,団体
(株)中島建設,12,安来市,団体
(株)中筋組,12,出雲市,団体
日新建設(株),12,益田市,団体
日新林業(株),36,境港市,団体
八神トラスト(株),10,島根県飯南町,団体
(株)はしまや,12,安来市,団体
浜田小野田レミコン(株),12,浜田市,団体
浜田ガス(株),12,浜田市,団体
浜田港運(株),12,浜田市,団体
浜田マルヰ(株),12,浜田市,団体
(株)原工務所,27.6,江津市,団体
(株)原商,24,松江市,団体
飯古建設(有),12,島根県海士町,団体
(株)半田組,36,浜田市,団体
(有)日高組,12,島根県美郷町,団体
平井建設(株),12,安来市,団体
(株)フクダ,12,出雲市,団体
福間商事(株),24,出雲市,団体
(株)藤原鐵工所,8,松江市,団体
(株)豊洋,36,松江市,団体
(有)細貝組,12,雲南市,団体
(株)堀工務店,12,大田市,団体
前田建設(有),9,益田市,団体
益田興産(株),12,益田市,団体
松江石油(株),6,松江市,団体
松江土建(株),36,松江市,団体
(有)松原組,12,安来市,団体
(株)馬庭建築設計事務所,12,出雲市,団体
丸永建設(株),12,安来市,団体
(株)ミック,12,松江市,団体
三刀屋金属(株),12,雲南市,団体
宮田建設工業(株),12,浜田市,団体
(株)毛利組,12,浜田市,団体
(株)守谷刃物研究所,12,安来市,団体
(有)山根建設,12,雲南市,団体
(有)山本建設,12,島根県邑南町,団体
和幸(株),6,松江市,団体
渡部印刷(株),9.6,松江市,団体
(株)渡部工務店,12,安来市,団体
アイサワ工業(株),30,岡山市,団体
天野産業(株),12,笠岡市,団体
井笠鉄道(株),15,笠岡市,団体
(株)大本組,18,岡山市,団体
岡山県貨物運送(株),12,岡山市,団体
おかやま信用金庫,11,岡山市,団体
岡山プラザホテル(株),18,岡山市,団体
笠岡通運(株),6,笠岡市,団体
(株)カネソ22,6,笠岡市,団体
シャープタカヤ電子工業(株),6,岡山県里庄町,団体
関藤商店,6,笠岡市,団体
タカヤ(株),6,井原市,団体
(株)天満屋,11,岡山市,団体
ナカシマホールディングス(株),12,岡山市,団体
蜂谷工業(株),12,岡山市,団体
丸五ゴム工業(株),24,倉敷市,団体
(株)元浜組,18,瀬戸内市,団体
(株)アスティ,6,広島市,団体
(株)アンデルセン・パン生活文化研究所,6,広島市,団体
池田糖化工業(株),6,福山市,団体
(株)石崎本店,24,広島市,団体
(株)ウッドワン,6,廿日市市,団体
(株)天野石油店,6,広島市,団体
(株)勝村商店,6,三原市,団体
賀茂鶴酒造(株),7.2,東広島市,団体
クレトイシ(株),18,呉市,団体
コトブキ技研工業(株),10,呉市,団体
寿工業(株),12,呉市,団体
三和製作(株),12,福山市,団体
塩田工業(株),6,広島市,団体
(株)ダイクレ,12,呉市,団体
中国醸造(株),12,廿日市市,団体
中国地質調査業協会,12,広島市,団体
(株)中電工,162,広島市,団体
デリカウイング(株),6,廿日市市,団体
(株)東洋シート,6,広島県海田町,団体
西川ゴム工業(株),6,広島市,団体
広島ガスメイト(株),6,広島市,団体
(社)広島県タクシー協会,6,広島市,団体
広島県遊技業(協),10,広島市,団体
広島交通(株),6,広島市,団体
広島バス(株),6,広島市,団体
広電不動産(株),6,広島市,団体
(株)福屋,6,広島市,団体
福山スチールセンター(株),6,福山市,団体
ホーコス(株),12,福山市,団体
(株)ミカサ,8,広島市,団体
宇部工業(株),105,宇部市,団体
宇部興産(株),90,宇部市,団体
勝井建設(株),100,岩国市,団体
協和建設工業(株),100,萩市,団体
クロセ(株),25,長門市,団体
シマダ(株),106,山口市,団体
(株)新笠戸ドック,12,下松市,団体
新光産業(株),100,宇部市,団体
大栄建設(株),100,宇部市,団体
萩森興産(株),6,宇部市,団体
(株)ファノス,12,光市,団体
藤本工業(株),100,防府市,団体
(社)山口県建設業協会,20,山口市,団体
井上建設(株),6,鳴門市,団体
(株)大塚製薬工場,10,鳴門市,団体
徳島トヨタ自動車(株),6,徳島市,団体
豊益海漕(株),6,徳島市,団体
リプター(株),7,徳島市,団体
アオイ電子(株),6,高松市,団体
(株)穴吹建設,6,高松市,団体
(株)綾歌生コンクリート工業所,6,丸亀市,団体
池田建設工業(株),12,高松市,団体
石井建設(株),12,香川県直島町,団体
(社)香川県建設業協会,24,高松市,団体
香川日産自動車(株),12,高松市,団体
(株)カナック,6,高松市,団体
鎌長製衡(株),10,高松市,団体
唐渡生コン(株),6,高松市,団体
観音寺信用金庫,12,観音寺市,団体
(有)ＫＹＫプランニング,6,高松市,団体
(株)合田工務店,12,高松市,団体
小竹興業(株),6,高松市,団体
(株)サンキ,6,高松市,団体
三喜工事(株),6,高松市,団体
(株)サンクスアンドアソシエイツ東四国,12,高松市,団体
(株)讃商,12,高松市,団体
三和工業(株),6,善通寺市,団体
四国化成工業(株),24,丸亀市,団体
四国コカ・コーラボトリング(株),24,高松市,団体
四国段ボール(株),6,坂出市,団体
四国フェリー(株),6,高松市,団体
(医)清和会清水病院,6,観音寺市,団体
大協土木(株),6,高松市,団体
大豊産業(株),6,高松市,団体
(株)高岸工務店,6,高松市,団体
高松商運(株),6,高松市,団体
高松青果(株),12,高松市,団体
(株)タダノ,12,高松市,団体
(株)橋一吉工務店,12,高松市,団体
谷口建設興業(株),6,高松市,団体
田村ボーリング(株),6,高松市,団体
多和コンクリート(株),6,さぬき市,団体
辻村建設(株),6,善通寺市,団体
帝國製薬(株),12,東かがわ市,団体
西野金陵(株),6,高松市,団体
(株)日栄建設,6,高松市,団体
日新タクシー(株),6,高松市,団体
日東河川工業(株),6,高松市,団体
扶桑建設工業(株),12,高松市,団体
(株)マキタ,12,高松市,団体
三豊運送(株),6,観音寺市,団体
牟禮印刷(株),6,高松市,団体
大和建設工業(株),12,観音寺市,団体
(株)四電工,202,高松市,団体
四電ビジネス(株),15,高松市,団体
(株)伊予鉄会館,8.4,松山市,団体
(株)伊予鉄高島屋,12,松山市,団体
(株)クシベウィンチック,6,新居浜市,団体
四国ガス(株),24,今治市,団体
四国通建(株),12,今治市,団体
(株)野間工務店,6,今治市,団体
(株)フジ,12,松山市,団体
丸住製紙(株),12,四国中央市,団体
森実運輸(株),12,新居浜市,団体
(株)八木酒造部,6,今治市,団体
(株)生田組,6,高知市,団体
(社)高知県建設業協会,21,高知市,団体
高知信用金庫,6,高知市,団体
四国開発(株),6,香南市,団体
杉本・宮田建設(株),6,高知市,団体
大旺新洋(株),6,高知市,団体
東洋電化工業(株),12,高知市,団体
(株)轟組,6,高知市,団体
(株)西山合名,12,高知市,団体
(株)幡束生コンクリート(株),12,高知県黒湖町,団体
ミタニ建設工業(株),6,高知市,団体
みたに産業(株),6,高知市,団体
麻生商事(株),6,福岡市,団体
岩崎建設(株),6,福岡市,団体
大石産業(株),9.6,北九州市,団体
貝島化学工業(株),6,福岡市,団体
三興バルブ継手(株),6,福岡市,団体
(株)翔薬,5.4,福岡市,団体
(株)新出光,12,福岡市,団体
(株)正興電機製作所,15.6,福岡市,団体
第一交通産業(株),114.4,北九州市,団体
タカ食品工業(株),12,みやま市,団体
(株)筑豊製作所,5.4,福岡県新宮町,団体
(医)天神会,6,久留米市,団体
ＴＯＴＯ(株),30,北九州市,団体
西日本自動車(株),6,福岡市,団体
西日本鉄道(株),50,福岡市,団体
日本乾溜工業(株),10,福岡市,団体
日之出水道機器(株),8.4,福岡市,団体
福岡ひびき信用金庫,12,北九州市,団体
松山建設(株),6,福岡県築上町,団体
(株)安川電機,150,北九州市,団体
(資)今右衛門,12,佐賀県有田町,団体
(社)伊万里建設業協会,7,伊万里市,団体
(株)大石膏盛堂,7.5,鳥栖市,団体
(社)小城建設業協会,5.9,小城市,団体
(株)柿右衛門窯,12,佐賀県有田町,団体
(株)唐津魚市場,6,唐津市,団体
(社)唐津建設業協会,9.9,唐津市,団体
(社)杵島建設業協会,8.1,武雄市,団体
(社)建設業協会佐賀,14.6,佐賀市,団体
佐賀宇部コンクリート工業(株),6,佐賀市,団体
佐賀県有明海漁業(協),12,佐賀市,団体
佐賀県遊技業(協),6,佐賀市,団体
(株)佐電工,13,佐賀市,団体
東亜工機(株),12,鹿島市,団体
(株)戸上電機製作所,12,佐賀市,団体
西九州トヨタ自動車(株),6,佐賀市,団体
日本建築技術(株),12,唐津市,団体
久光製薬(株),181,鳥栖市,団体
(株)福岡商店,12,佐賀市,団体
富士建設(株),6,佐賀県白石町,団体
(社)藤津建設業協会,7.1,鹿島市,団体
(株)馬渡商会,6,武雄市,団体
宮島醤油(株),6,唐津市,団体
大和酒造(株),6,佐賀市,団体
安達(株),12,長崎市,団体
(株)有明商事,6,諫早市,団体
(株)イシマル,12,長崎市,団体
(医)協治会,24,長崎市,団体
扇精光(株),6,長崎市,団体
九州ガス(株),20.4,諫早市,団体
九州電通(株),18,大村市,団体
協和機電工業(株),12,長崎市,団体
黒瀬建設,12,西海市,団体
後藤運輸(株),6,長崎市,団体
(株)西海建設,12,長崎市,団体
タイヘイ(株),6,長崎市,団体
太洋技研(株),6,長崎市,団体
(株)田浦組,6,長崎市,団体
宅島建設(株),6,雲仙市,団体
(株)チョープロ,12,長崎県長与町,団体
(株)東美,8.4,長崎市,団体
長崎空港ビルディング(株),18,大村市,団体
長崎自動車(株),30,長崎市,団体
西九州倉庫(株),10,佐世保市,団体
西日本菱重興産(株),18,長崎市,団体
社会医療法人社団白十字会,14.4,佐世保市,団体
平戸鉄工造船(株),10,平戸市,団体
(株)福砂屋,12,長崎市,団体
(株)平安閣,12,長崎市,団体
(株)ホテルニュー長崎,6,長崎市,団体
(株)堀内組,20.4,佐世保市,団体
木田商会(株),12,長崎市,団体
(株)丸金佐藤造船鉄工所,18,長崎市,団体
(株)メモリード,6,長崎県長与町,団体
本船光タクシー(株),12,長崎市,団体
(株)山口組,12,佐世保市,団体
ラッキー自動車(株),12,長崎市,団体
(株)渡辺造船所,32.4,長崎市,団体
出田実業(株),5.4,熊本市,団体
(社)熊本県法面保護協会,6,熊本市,団体
(有)球磨衛生設備管理公社,6,熊本県多良木町,団体
(社)熊本県建設業協会,6,熊本市,団体
(社)熊本県建設業協会（舗装部会）,6,熊本市,団体
熊本県砕石業協同組合連合会,6,熊本市,団体
熊本県内陸砂利工業組合,6,熊本市,団体
(株)熊本ホテルキャッスル,6,熊本市,団体
(株)小竹組,6,熊本市,団体
人吉衛生設備管理(有),6,人吉市,団体
陸上貨物運送事業労働災害防止協会,6,熊本市,団体
(株)アステム,12,大分市,団体
臼杵運送(株),6,臼杵市,団体
梅林建設(株),121.2,大分市,団体
(社)大分県建設業協会,24,大分市,団体
(社)大分県建設業協会（大分支部）,10.8,大分市,団体
(社)大分県建設業協会,12,国東市,団体
(社)大分県建設業協会,12,中津市,団体
(社)大分県建設業協会,6,豊後高田市,団体
大分県タクシーチケット事業(協),8.4,大分市,団体
大分県道路舗装協会,12,大分市,団体
大分航空ターミナル(株),12,国東市,団体
大分交通(株),48,大分市,団体
大分製紙(株),10.8,大分市,団体
大分日産自動車(株),6,大分市,団体
(株)オーシー,6,大分市,団体
鬼塚電気工事(株),6,大分市,団体
(株)佐伯建設,15.6,大分市,団体
(株)ジョイフル,100,大分市,団体
(株)管組,12,豊後高田市,団体
藤華クラブ,36,別府市,団体
西日本土木(株),6,豊後高田市,団体
フンドーキン醤油(株),6,臼杵市,団体
(株)メンテナンス,18,大分市,団体
山忠商店(株),12,大分市,団体
上田工業(株),12,延岡市,団体
雲海酒造(株),10,宮崎市,団体
清本鉄工(株),50,延岡市,団体
霧島酒造(株),96,都城市,団体
宮崎県信用金庫協会,13.5,宮崎市,団体
(社)宮崎県測量設計業協会,12,宮崎市,団体
宮崎トヨペット(株),12,宮崎市,団体
吉原建設(株),24,都城市,団体
南国殖産(株),50,鹿児島市,団体
丸福建設(株),12,鹿児島市,団体
年間五万円以下のもの,3500.12,N/A,団体
自動車流通政経懇話会,1000,都・港区,政治団体
自由社会を守る国民会議,10350.4106,千代田区,政治団体
全国商工政治連盟,250,千代田区,政治団体
全国中小企業政治協会,10,都・中央区,政治団体
全国不動産政治連盟,1000,千代田区,政治団体
道路運送経営研究会,200,新宿区,政治団体
日住協政策研究会,100,千代田区,政治団体
日本医師連盟,5000,文京区,政治団体
日本歯科医師連盟,3000,千代田区,政治団体
日本商工連盟,501.2,都・中央区,政治団体
日本薬業政治連盟,100,都・中央区,政治団体
日本薬剤師連盟,1000,新宿区,政治団体
バス交通懇話会,20,千代田区,政治団体
西政会,5.4,都・港区,政治団体
北海道建設連盟,12,札幌市,政治団体
北海道商工政治連盟,8,札幌市,政治団体
北海道水産政治協会,12,札幌市,政治団体
北海道中小企業団体政治連盟,6,札幌市,政治団体
北海道農協政治連盟,12,札幌市,政治団体
北海道木材産業政治連盟,12,札幌市,政治団体
北海道林業政治連盟,8,札幌市,政治団体
福島県医師連盟,103.6,福島市,政治団体
福島県商工政治連盟,7.2,福島市,政治団体
福島県生活衛生営業団体政治連盟,24,福島市,政治団体
福島県石油政治連盟,10,福島市,政治団体
福島県たばこ耕作者政治連盟,10,田村市,政治団体
福島県農業者政治連盟,30,福島市,政治団体
福島県不動産政治連盟,6.2,福島市,政治団体
福島県薬剤師連盟,22.4,福島市,政治団体
栃木県歯科医師連盟,18,宇都宮市,政治団体
栃木県設備業政治協議会,6,宇都宮市,政治団体
栃木県中小企業政治協議会,10,宇都宮市,政治団体
栃木県舗装協会政治連盟,6,宇都宮市,政治団体
栃木県薬剤師連盟,12,宇都宮市,政治団体
一伸会,10,前橋市,政治団体
群馬県医師連盟,24,前橋市,政治団体
群馬県興農政治連盟,12,前橋市,政治団体
群馬県歯科医師連盟,12,前橋市,政治団体
自由民主党医療会群馬県支部,24,前橋市,政治団体
神奈川県石油政治連盟,10,横浜市,政治団体
さんそう会,12,横浜市,政治団体
日本看護連盟神奈川県支部,7.2,横浜市,政治団体
新潟県医師連盟,30,新潟市,政治団体
新潟県道路運送経営研究会,7.2,新潟市,政治団体
富山県医師連盟,10,富山市,政治団体
富山県歯科医師連盟,10,富山市,政治団体
富山県トラック事業政治連盟,6,富山市,政治団体
富山県薬業政治連盟,6,富山市,政治団体
山梨県薬剤師連盟,6,甲府市,政治団体
静岡県建設業政策推進協議会,10,静岡市,政治団体
静岡県歯科医師連盟,10,静岡市,政治団体
静岡県トラック運送事業経営者連盟,6,静岡市,政治団体
あらい正吾後援会,20,奈良市,政治団体
鳥取県医師連盟,6,鳥取市,政治団体
鳥取県歯科医師政治連盟,6,鳥取市,政治団体
鳥取県薬剤師連盟,6,鳥取市,政治団体
島根県自動車整備政治連盟,12,松江市,政治団体
島根県商工政治連盟,12,松江市,政治団体
島根県石油政治連盟,12,松江市,政治団体
島根県薬剤師連盟,12,松江市,政治団体
自由民主党島根県建設支部,36,松江市,政治団体
自由民主党島根県歯科医師支部,24,松江市,政治団体
岡山県歯科医師連盟,9,岡山市,政治団体
岡山県清酒産業振興会,6,岡山市,政治団体
自由民主党岡山県医療会支部,12,岡山市,政治団体
自由民主党広島県柔道接骨師連盟支部,6,広島市,政治団体
自由民主党広島県薬剤師連盟,6,広島市,政治団体
広島県歯科医師連盟,12,広島市,政治団体
自由民主党山口県農業団体支部,200,山口市,政治団体
自由民主党徳島県みどりの会支部,10,徳島市,政治団体
香川県医師連盟,6,高松市,政治団体
自由民主党愛媛県建設関係支部,45,松山市,政治団体
佐賀県医師連盟,12,佐賀市,政治団体
佐賀県商工政治連盟,10,佐賀市,政治団体
時事政経懇話会,12,鹿島市,政治団体
古川康後援会,6,佐賀市,政治団体
自由民主党長崎県医療会支部,24,長崎市,政治団体
長崎県医師連盟,12,長崎市,政治団体
長崎県看護連盟,12,長崎市,政治団体
熊本県トラック協会政治連盟,6,熊本市,政治団体
大分県医師連盟,12,大分市,政治団体
大分県歯科医師連盟,12,大分市,政治団体
大分県自動車整備政治連盟,24,大分市,政治団体
大分県商工政治連盟,12,大分市,政治団体
(社)大分県薬剤師連盟,6,大分市,政治団体
宮崎県建設業政治連盟,550,宮崎市,政治団体
福島県歯科医師連盟,33.6,福島市,政治団体
神奈川県歯科医師連盟,200,横浜市,政治団体
年間金額五万円以下のもの,221.54,N/A,政治団体
